date,time,model,condition,seller,country,price_eur,cpu,gpu,ram_gb,storage_gb,psu,form_factor,warranty,shipping_to_germany,upgrade_score,engineering_score,remote_score,value_score,rarity_score,rating,market_reference_eur,discount_vs_market_pct,trend_vs_history,product_url,notes
2026-08-30,14:00,SYSTEMTREFF GOLEM ENTRY PLUS 5700X / RTX 5060,New,SYSTEMTREFF,DE,1229.90,AMD Ryzen 7 5700X,NVIDIA GeForce RTX 5060 8GB,32,1000,,Mid Tower,3 years + 30-day return,yes,4,6.5,8,6.8,4,🟡 普通好价,1300,5.4,Baseline,https://www.systemtreff.de/GOLEM-ENTRY-PLUS-AMD-Ryzen-7-5700X-32GB-DDR4-GeForce-RTX-5060-8GB-1TB-4455,Low-cost baseline; AM4/DDR4 limits five-year CPU upgrade path
2026-08-30,14:00,SYSTEMTREFF Ultra 5 245KF / RTX 5060,New,SYSTEMTREFF,DE,1279.90,Intel Core Ultra 5 245KF,NVIDIA GeForce RTX 5060 8GB,32,1000,,Mid Tower,3 years + 30-day return,yes,7,8,8.5,9.4,7,✅ 很值,1450,11.7,Baseline,https://www.systemtreff.de/Gaming-PC-Intel-Core-Ultra-5-245KF-6x-420GHz-32GB-DDR5-6000-CL30-Kingston-Nvidia-GeForce-RTX-5060-8GB-1TB-MSI-Spatium-M470-Pro,Best budget-fit baseline; 32GB DDR5 and strong CPU but 8GB VRAM
2026-08-30,14:00,SYSTEMTREFF Ryzen 7 7700X / RTX 5060,New,SYSTEMTREFF,DE,1369.90,AMD Ryzen 7 7700X,NVIDIA GeForce RTX 5060 8GB,32,1000,,Mid Tower,3 years + 30-day return,yes,9,8.3,8.5,8.9,6,✅ 很值,1500,8.7,Baseline,https://www.systemtreff.de/Gaming-PC-AMD-Ryzen-7-7700X-8x-45GHz-32GB-DDR5-6000-CL30-Kingston-FURY-Nvidia-GeForce-RTX-5060-8GB-GDDR7-1TB-M2-SSD-NVMe-MSI-Spatium-M470-Pro-PCIe-40,AM5 platform gives strong long-term upgrade path
2026-08-30,14:00,SYSTEMTREFF Ryzen 7 7700 / RTX 5060 Ti 8GB,New,SYSTEMTREFF,DE,1524.90,AMD Ryzen 7 7700,NVIDIA GeForce RTX 5060 Ti 8GB,32,1000,,Mid Tower,3 years + 30-day return,yes,9,8.5,8.5,8.8,6,✅ 很值,1600,4.7,Baseline,https://www.systemtreff.de/Gaming-PC-AMD-Ryzen-7-7700-32GB-DDR5-GeForce-RTX-5060-Ti-8GB-1TB-2262,Balanced CPU platform; 8GB GPU memory is the main engineering limitation
2026-08-30,14:00,SYSTEMTREFF Ryzen 7 7700 / RTX 5060 Ti 16GB,New,SYSTEMTREFF,DE,1709.90,AMD Ryzen 7 7700,NVIDIA GeForce RTX 5060 Ti 16GB,32,1000,,Mid Tower,3 years + 30-day return,yes,9,9,8.5,8.5,6,✅ 很值,1750,2.3,Baseline,https://www.systemtreff.de/Gaming-PC-AMD-Ryzen-7-7700-32GB-DDR5-GeForce-RTX-5060-Ti-16GB-1TB-1309,16GB VRAM makes this a useful CAD/CUDA/large-scene reference
2026-08-30,14:00,SYSTEMTREFF Ryzen 5 7500F / RTX 5070,New,SYSTEMTREFF,DE,1719.90,AMD Ryzen 5 7500F,NVIDIA GeForce RTX 5070 12GB,32,1000,750W be quiet! System Power 11 M Gold,Mid Tower,3 years + 30-day return,yes,9,7.5,9,9.1,7,✅ 很值,1900,9.5,Baseline,https://www.systemtreff.de/Gaming-PC-AMD-Ryzen-5-7500F-32GB-DDR5-GeForce-RTX-5070-12GB-1TB-4088,Excellent GPU value and standard AM5/B850 platform; CPU is weaker for heavy multicore engineering
2026-08-30,14:00,SYSTEMTREFF Ryzen 7 7700 / RTX 5070,New,SYSTEMTREFF,DE,1814.90,AMD Ryzen 7 7700,NVIDIA GeForce RTX 5070 12GB,32,1000,,Mid Tower,3 years + 30-day return,yes,9,9.2,9,9.6,8,🔥 错过可惜,2000,9.3,Baseline,https://www.systemtreff.de/Gaming-PC-AMD-Ryzen-7-7700-32GB-DDR5-GeForce-RTX-5070-12GB-1TB-2936,Overall performance/value leader in baseline although above target budget
2026-08-30,14:00,SYSTEMTREFF Ryzen 7 7800X3D / RTX 5070,New,SYSTEMTREFF,DE,1939.90,AMD Ryzen 7 7800X3D,NVIDIA GeForce RTX 5070 12GB,32,1000,,Mid Tower,3 years + 30-day return,yes,9,8.7,9,9.3,7,✅ 很值,2150,9.8,Baseline,https://www.systemtreff.de/Gaming-PC-AMD-Ryzen-7-7800X3D-32GB-DDR5-GeForce-RTX-5070-12GB-1TB-4039,Strong high-performance anchor; X3D premium matters more for gaming than many engineering workloads
2026-08-30,14:00,BoostBoxx GameStar PC Ultimate Ryzen,New,GameStar Shop / BoostBoxx,DE,2079.00,AMD Ryzen 7 7700,NVIDIA GeForce RTX 5070 12GB,32,2000,,Mid Tower,3 years,yes,8,9,9,8.4,5,🟡 普通好价,2100,1.0,Baseline,https://shop.gamestar.de/hardware/gaming-pcs/gamestar-pcs/1852/gamestar-pc-ultimate-ryzen-ryzen-7-7700-rtx-5070-32-gb-ram-2000-gb-ssd,2TB and 3-year warranty justify some premium but not a rare deal
2026-08-30,14:00,Captiva Workstation R98-395,New,notebooksbilliger.de,DE,2640.99,AMD Ryzen 9 9900X,NVIDIA GeForce RTX 5060 Ti 16GB,64,1000,,Workstation Tower,Standard statutory warranty; optional NBB protection,yes,8,10,8.5,6.8,4,🟡 普通好价,2700,2.2,Baseline,https://www.notebooksbilliger.de/captiva%2Bpc%2Bworkstation%2Br98%2B395%2B924449,64GB memory-heavy engineering anchor for tracking RAM-price inflation
2026-08-30,22:02,CSL Sprint 5753 Ryzen 7 8700F / RTX 5060 Ti 16GB,New,CSL Computer,DE,1299.00,AMD Ryzen 7 8700F,NVIDIA GeForce RTX 5060 Ti 16GB,16,1000,500W CSL 80+ Bronze,Mid Tower,24 months manufacturer warranty; 36 months optional; 14-day withdrawal,yes,7.5,8.3,8.8,9.3,8,✅ 很值,1500,13.4,↑ 改善,https://www.csl-computer.com/pc-systeme/amd/pc-csl-sprint-5753-ryzen-7.html,Daily Angebot; source csl-computer.com; AM5/B840 and 16GB VRAM at core budget ceiling; upgrade RAM to 32/64GB first; 500W Bronze PSU limits future high-end GPU; Wi-Fi 6E; no OS
2026-08-30,22:02,CSL Sprint 5787 Ryzen 7 5700 / RTX 5060 Ti 8GB,New,CSL Computer,DE,1199.00,AMD Ryzen 7 5700,NVIDIA GeForce RTX 5060 Ti 8GB,32,1000,500W CSL 80+ Bronze,Mid Tower,24 months manufacturer warranty; 36 months optional; 14-day withdrawal,yes,4.5,6.9,7.4,8.2,6,🟡 普通好价,1300,7.8,↑ 改善,https://www.csl-computer.com/pc-systeme/amd/pc-csl-sprint-5787-ryzen-7.html,Source csl-computer.com; current category listing €1199; 32GB RAM is useful but AM4/A520 and 8GB VRAM reduce five-year headroom; no Wi-Fi; no OS
2026-08-30,22:02,CSL Sprint 5590 Ryzen 5 8400F / RTX 5060 Ti 8GB,New,CSL Computer,DE,1349.00,AMD Ryzen 5 8400F,NVIDIA GeForce RTX 5060 Ti 8GB,32,1000,500W CSL 80+ Bronze,Mid Tower,24 months manufacturer warranty; 36 months optional; 14-day withdrawal,yes,6.5,7.6,7.5,7.8,4,🟡 普通好价,1450,7.0,→ 持平,https://www.csl-computer.com/pc-systeme/amd/pc-csl-sprint-5590-ryzen-5.html,Source csl-computer.com; DDR5/AM5 is modern but A620M-E and 500W PSU are basic; RTX 5060 Ti has only 8GB VRAM; no Wi-Fi; no OS
2026-08-30,22:02,MemoryPC Ryzen 5 7500F / RTX 5060 Ti 16GB,New,MemoryPC,DE,1849.00,AMD Ryzen 5 7500F,NVIDIA GeForce RTX 5060 Ti 16GB,32,1000,750W be quiet! System Power 11 M Gold,Mid Tower,Manufacturer warranty; free return,yes,9,8.5,9,6.6,2,❌ 跳过,1650,-12.1,↓ 恶化,https://www.memorypc.de/p/gaming-pc-amd-ryzen-5-7500f-rtx-5060-ti-32-gb-ddr5-554177/,Source memorypc.de; B850 Wi-Fi 6E and 32GB are excellent but current price is far above the target and CSL alternatives
2026-08-30,22:02,Dubaro Ryzen 5 7500F / RTX 5060 Ti 16GB,New,Dubaro,DE,1899.00,AMD Ryzen 5 7500F,NVIDIA GeForce RTX 5060 Ti 16GB,32,1000,,Mid Tower,2 years,yes,8.5,8.4,8.4,6.1,2,❌ 跳过,1650,-15.1,↓ 恶化,https://dubaro.de/Gaming-PC-Ryzen-5-7500F-mit-RTX5060Ti-101278/,Source dubaro.de; B850/Wi-Fi platform and 32GB are solid but price is not competitive tonight
2026-08-31,22:02,CSL Speed 4574 Core Ultra 5 225F / RTX 5070,New,CSL Computer,DE,1399.00,Intel Core Ultra 5 225F,NVIDIA GeForce RTX 5070 12GB,16,1000,700W BoostBoxx Power Boost 80+ Gold ATX2.53,Mid Tower,24 months manufacturer warranty; 36 months optional; lifetime technical support,yes,5.8,8.8,8.7,9.7,9,🔥 错过可惜,1700,17.7,↑ 改善,https://www.csl-computer.com/gaming-pcs/gaming-pcs-1000-1500-euro/pc-csl-speed-4574-core-ultra-5.html,Daily Angebot; source csl-computer.com; RTX 5070 at €1399 is an outlier; 16GB RAM should be upgraded to 32/64GB first; H810M board limits CPU and expansion headroom; no Wi-Fi and no OS; wired LAN suits a basement remote host; 700W Gold ATX2.53 PSU may need replacement for a future high-end GPU
2026-08-31,22:02,CSL Sprint 5753 Ryzen 7 8700F / RTX 5060 Ti 16GB,New,CSL Computer,DE,1299.00,AMD Ryzen 7 8700F,NVIDIA GeForce RTX 5060 Ti 16GB,16,1000,500W CSL 80+ Bronze,Mid Tower,24 months manufacturer warranty; 36 months optional; 14-day withdrawal,yes,7.5,8.4,8.8,9.2,7,✅ 很值,1500,13.4,→ 持平,https://www.csl-computer.com/pc-systeme/amd/pc-csl-sprint-5753-ryzen-7.html,Source csl-computer.com; unchanged from 2026-08-30; AM5/B840 and 16GB VRAM remain strong at €1299; RAM first upgrade; Wi-Fi 6E; PSU is the long-term GPU constraint
2026-08-31,22:02,CSL Sprint 5787 Ryzen 7 5700 / RTX 5060 Ti 8GB,New,CSL Computer,DE,1199.00,AMD Ryzen 7 5700,NVIDIA GeForce RTX 5060 Ti 8GB,32,1000,500W CSL 80+ Bronze,Mid Tower,24 months manufacturer warranty; 36 months optional; 14-day withdrawal,yes,4.5,6.9,7.4,8.1,5,🟡 普通好价,1300,7.8,→ 持平,https://www.csl-computer.com/pc-systeme/amd/pc-csl-sprint-5787-ryzen-7.html,Source csl-computer.com; unchanged at €1199; useful 32GB RAM but AM4/A520 and 8GB VRAM materially reduce five-year headroom
2026-08-31,22:02,MemoryPC Ryzen 7 5700 / RTX 5060 Ti 8GB,New,MemoryPC,DE,1169.00,AMD Ryzen 7 5700,NVIDIA GeForce RTX 5060 Ti 8GB,16,1000,650W be quiet! System Power 11 M 80+ Gold,Micro-ATX Tower,Manufacturer warranty; free return; German support,yes,4,6.6,7.5,7.8,5,🟡 普通好价,1250,6.5,↑ 改善,https://www.memorypc.de/p/gaming-pc-amd-ryzen-7-5700-rtx-5060-ti-8gb-16-gb-ddr4-568661/,Source memorypc.de; assembled and tested in Germany; strong PSU for the price; AM4/A520 plus 8GB VRAM and only 16GB RAM are the main engineering and upgrade limits
2026-08-31,22:02,SYSTEMTREFF Ryzen 5 7500F / RTX 5070,New,SYSTEMTREFF,DE,1859.90,AMD Ryzen 5 7500F,NVIDIA GeForce RTX 5070 12GB,32,1000,750W be quiet! System Power 11 M Gold,Mid Tower,3 years + 30-day return,yes,9,7.5,9,7.0,2,❌ 跳过,1700,-9.4,↓ 恶化,https://www.systemtreff.de/Gaming-PC-AMD-Ryzen-5-7500F-32GB-DDR5-GeForce-RTX-5070-12GB-1TB-4088,Source systemtreff.de; current list €1899.90 less €40 code GAMING26 = €1859.90; exact same recorded model was €1719.90 on 2026-08-30 so effective price worsened about 8.1%; excellent AM5/B850 platform but no longer price-competitive
2026-09-01,22:08,CSL Speed 4574 Core Ultra 5 225F / RTX 5070,New,CSL Computer,DE,1399.00,Intel Core Ultra 5 225F,NVIDIA GeForce RTX 5070 12GB,16,1000,700W BoostBoxx Power Boost 80+ Gold ATX2.53,Mid Tower,24 months manufacturer warranty; 36 months optional; 14-day withdrawal; lifetime technical support,yes,5.8,8.8,8.7,9.6,8,🔥 错过可惜,1700,17.7,→ 持平,https://www.csl-computer.com/pc-csl-speed-4574-core-ultra-5.html,Daily Angebot; source csl-computer.com; same historical low as 2026-08-31; RTX 5070 12GB remains an outlier at €1399; first upgrade RAM to 32/64GB; H810M has only 2 DIMM and 1 M.2; no Wi-Fi and no OS; fixed HP reference is compared separately and is not part of market-price history
2026-09-01,22:08,CSL Sprint 5753 Ryzen 7 8700F / RTX 5060 Ti 16GB,New,CSL Computer,DE,1299.00,AMD Ryzen 7 8700F,NVIDIA GeForce RTX 5060 Ti 16GB,16,1000,500W CSL 80+ Bronze,Mid Tower,24 months manufacturer warranty; 36 months optional; 14-day withdrawal,yes,7.5,8.4,8.8,9.2,7,✅ 很值,1500,13.4,→ 持平,https://www.csl-computer.com/pc-systeme/amd/pc-csl-sprint-5753-ryzen-7.html,Source csl-computer.com; budget-ceiling NVIDIA 16GB VRAM option; AM5/B840 Wi-Fi platform has better long-term balance than older AM4 offers; RAM and PSU are first constraints
2026-09-01,22:08,CSL Sprint 5772 Ryzen 7 5700 / RTX 5070,New,CSL Computer,DE,1349.00,AMD Ryzen 7 5700,NVIDIA GeForce RTX 5070 12GB,16,1000,700W BoostBoxx Power Boost 80+ Gold ATX2.53,Mid Tower,24 months manufacturer warranty; 36 months optional; 14-day withdrawal,yes,4.5,7.8,8.3,8.8,7,✅ 很值,1600,15.7,↑ 改善,https://www.csl-computer.com/pc-csl-sprint-5772-ryzen-7.html,Source csl-computer.com; RTX 5070 at €1349 is excellent GPU value but Ryzen 7 5700 plus A520 plus DDR4 sharply limit five-year platform headroom; single 16GB DIMM should be expanded
2026-09-01,22:08,CSL Sprint 5746 Ryzen 7 5700X / RX 9060 XT 16GB,New,CSL Computer,DE,999.00,AMD Ryzen 7 5700X,AMD Radeon RX 9060 XT 16GB,16,1000,500W CSL 80+ Bronze ATX2.4,Mid Tower,24 months manufacturer warranty; 36 months optional; 14-day withdrawal,yes,4.5,6.8,7.8,8.7,8,✅ 很值,1200,16.8,↑ 改善,https://www.csl-computer.com/pc-csl-sprint-5746-ryzen-7-9646.html,Source csl-computer.com; conditional value leader at €999; 16GB VRAM is attractive but no NVIDIA CUDA; A520 DDR4 and 500W Bronze limit future upgrades; recommended only when engineering workflow does not depend on CUDA
2026-09-01,22:08,MemoryPC Ryzen 7 5700 / RTX 5060 Ti 8GB,New,MemoryPC,DE,1169.00,AMD Ryzen 7 5700,NVIDIA GeForce RTX 5060 Ti 8GB,16,1000,650W be quiet! System Power 11 M 80+ Gold,Micro-ATX Tower,Manufacturer warranty; free return; German support,yes,4,6.6,7.5,7.8,5,🟡 普通好价,1250,6.5,→ 持平,https://www.memorypc.de/p/gaming-pc-amd-ryzen-7-5700-rtx-5060-ti-8gb-16-gb-ddr4-568661/,Source memorypc.de; unchanged at €1169; reliable German assembly and strong PSU but AM4/A520 16GB RAM and 8GB VRAM reduce long-term engineering value
2026-09-02,21:58,CSL Speed 4574 Core Ultra 5 225F / RTX 5070,New,CSL Computer,DE,1399.00,Intel Core Ultra 5 225F,NVIDIA GeForce RTX 5070 12GB,16,1000,700W BoostBoxx Power Boost 80+ Gold ATX2.53,Mid Tower,24 months manufacturer warranty; 36 months optional; 14-day withdrawal; lifetime technical support,yes,5.8,8.8,8.7,9.6,8,🔥 错过可惜,1700,17.7,→ 持平,https://www.csl-computer.com/gaming-pcs/gaming-pcs-1000-1500-euro/pc-csl-speed-4574-core-ultra-5.html,Daily Angebot; source csl-computer.com; third consecutive observation at €1399; still the best broad CUDA/GPU value; 16GB RAM and H810M remain the main drawbacks; fixed HP reference compared separately
2026-09-02,21:58,CSL Sprint 5928 Ryzen 9 9900X / RX 9060,New,CSL Computer,DE,1349.00,AMD Ryzen 9 9900X,AMD Radeon RX 9060 8GB,16,1000,700W BoostBoxx Power Boost 80+ Gold ATX2.53,Mid Tower,24 months manufacturer warranty; 36 months optional; 14-day withdrawal; lifetime technical support,yes,9.2,8.6,9.0,9.4,8,✅ 很值,1550,13.0,↑ 改善,https://www.csl-computer.com/gaming-pcs/amd-radeon-gaming-pcs/pc-csl-sprint-5928-ryzen-9.html,New CPU/platform value anchor; source csl-computer.com; Ryzen 9 9900X + B850 Gaming WIFI6 at €1349 is unusually strong for CPU-heavy engineering and five-year upgrades; 16GB RAM must be upgraded; RX 9060 8GB is a major step over iGPU but does not satisfy NVIDIA CUDA-specific workflows; 3 physical GPU outputs
2026-09-02,21:58,CSL Sprint 5753 Ryzen 7 8700F / RTX 5060 Ti 16GB,New,CSL Computer,DE,1299.00,AMD Ryzen 7 8700F,NVIDIA GeForce RTX 5060 Ti 16GB,16,1000,500W CSL 80+ Bronze,Mid Tower,24 months manufacturer warranty; 36 months optional; 14-day withdrawal,yes,7.5,8.4,8.8,9.2,7,✅ 很值,1500,13.4,→ 持平,https://www.csl-computer.com/pc-systeme/amd/ryzen-7-1/pc-csl-sprint-5753-ryzen-7.html,Source csl-computer.com; remains the strict-budget NVIDIA 16GB VRAM option at €1299; upgrade RAM first; B840/Wi-Fi platform is useful but 500W Bronze is the long-term GPU constraint
2026-09-02,21:58,CSL Sprint 5746 Ryzen 7 5700X / RX 9060 XT 16GB,New,CSL Computer,DE,999.00,AMD Ryzen 7 5700X,AMD Radeon RX 9060 XT 16GB,16,1000,500W CSL 80+ Bronze ATX2.4,Mid Tower,24 months manufacturer warranty; 36 months optional; 14-day withdrawal,yes,4.5,6.8,7.8,8.7,7,✅ 很值,1200,16.8,→ 持平,https://www.csl-computer.com/pc-systeme/amd/pc-csl-sprint-5746-ryzen-7.html,Source csl-computer.com; still €999 and remains the low-price conditional pick; no NVIDIA CUDA and AM4/A520/DDR4 limit long-term workstation replacement value
2026-09-03,21:58,CSL Sprint 5789 Ryzen 7 8700F / RX 9070 GRE,New,CSL Computer,DE,1499.00,AMD Ryzen 7 8700F,AMD Radeon RX 9070 GRE 12GB,32,1000,700W BoostBoxx Power Boost 80+ Gold ATX2.53,Mid Tower,24 months manufacturer warranty; 36 months optional; lifetime technical support; 14-day withdrawal,yes,8.5,8.3,9.2,9.4,8,✅ 很值,1799.90,16.7,↑ 改善,https://www.csl-computer.com/pc-csl-sprint-5789-ryzen-7-9959.html,Daily Angebot; source csl-computer.com; new balanced AM5/32GB/2.5G LAN/Wi-Fi6E value anchor; live SYSTEMTREFF marketplace comparator with same CPU/GPU/RAM/1TB is €1799.90 and includes Windows 11 Pro plus stronger B850-PLUS so the raw 16.7% gap overstates hardware-only discount; no NVIDIA CUDA
2026-09-03,21:58,CSL Speed 4574 Core Ultra 5 225F / RTX 5070,New,CSL Computer,DE,1399.00,Intel Core Ultra 5 225F,NVIDIA GeForce RTX 5070 12GB,16,1000,700W BoostBoxx Power Boost 80+ Gold ATX2.53,Mid Tower,24 months manufacturer warranty; 36 months optional; 14-day withdrawal; lifetime technical support,yes,5.8,8.8,8.7,9.5,6,✅ 很值,1700,17.7,→ 持平,https://www.csl-computer.com/pc-csl-speed-4574-core-ultra-5.html,Source csl-computer.com; fourth consecutive observation at €1399 and tied historical low; no longer scored as rare enough for fire rating; best current NVIDIA/CUDA route but 16GB RAM and H810M expansion are the main drawbacks; no Wi-Fi and no OS
2026-09-03,21:58,CSL Sprint 5928 Ryzen 9 9900X / RX 9060,New,CSL Computer,DE,1349.00,AMD Ryzen 9 9900X,AMD Radeon RX 9060 8GB,16,1000,700W BoostBoxx Power Boost 80+ Gold ATX2.53,Mid Tower,24 months manufacturer warranty; 36 months optional; 14-day withdrawal; lifetime technical support,yes,9.2,8.6,9.0,9.4,7,✅ 很值,1550,13.0,→ 持平,https://www.csl-computer.com/gaming-pcs/amd-radeon-gaming-pcs/pc-csl-sprint-5928-ryzen-9.html,Source csl-computer.com; CPU-heavy engineering value anchor remains €1349; B850/Wi-Fi platform strong; first upgrade is 32/64GB RAM; RX 9060 8GB is not for CUDA-specific workflows
2026-09-03,21:58,CSL Sprint 5753 Ryzen 7 8700F / RTX 5060 Ti 16GB,New,CSL Computer,DE,1299.00,AMD Ryzen 7 8700F,NVIDIA GeForce RTX 5060 Ti 16GB,16,1000,500W CSL 80+ Bronze,Mid Tower,24 months manufacturer warranty; 36 months optional; 14-day withdrawal,yes,7.5,8.4,8.8,9.2,6,✅ 很值,1500,13.4,→ 持平,https://www.csl-computer.com/pc-csl-sprint-5753-ryzen-7.html,Source csl-computer.com; strict-budget NVIDIA 16GB VRAM option remains €1299; upgrade RAM first; AM5/B840/Wi-Fi useful but 500W Bronze is the main future GPU constraint
2026-09-03,21:58,MemoryPC Ryzen 5 7500F / RTX 5070 32GB,New,MemoryPC,DE,1879.00,AMD Ryzen 5 7500F,NVIDIA GeForce RTX 5070 12GB,32,1000,750W be quiet! System Power 11 M 80+ Gold,Mid Tower,Manufacturer warranty; free return; German support,yes,9.2,8.3,9.2,7.1,2,❌ 跳过,1700,-10.5,↓ 恶化,https://www.memorypc.de/p/gaming-pc-amd-ryzen-5-7500f-rtx-5070-32-gb-ddr5-557100/,Source memorypc.de; current official page €1879; MSI PRO B850-S WIFI6E ATX 32GB and 750W Gold are excellent and German assembly/support are strong but current price is not competitive against CSL RTX 5070 offers
2026-09-03,21:58,SYSTEMTREFF via MediaMarkt Ryzen 7 8700F / RX 9070 GRE,New,SYSTEMTREFF via MediaMarkt,DE,1799.90,AMD Ryzen 7 8700F,AMD Radeon RX 9070 GRE 12GB,32,1000,650W be quiet! System Power 11 B 80+ Bronze,Mid Tower,SYSTEMTREFF seller; marketplace checkout; MediaMarkt page shows 30-day voluntary return,yes,9.2,8.5,9.3,7.6,3,❌ 跳过,1800,0.0,→ 市场锚点,https://www.mediamarkt.de/de/product/_systemtreff-gaming-gaming-pc-ryzentm-7-8700f-prozessor-32-gb-ram-1000-gb-ssd-amd-radeontm-rx-9070-windows-11-pro-178954882.html,Actual seller and shipper SYSTEMTREFF on MediaMarkt marketplace; live price rechecked at €1799.90; same CPU/RX9070GRE12/32GB/1TB class as CSL Sprint5789 but includes Windows 11 Pro and ASUS Prime B850-PLUS WIFI; useful real-market comparator
2026-09-04,22:03,HP OMEN 35L GT16-0972nd,New,Coolblue / HP,DE,1599.00,AMD Ryzen 7 8700F,NVIDIA GeForce RTX 5070 12GB,32,1000,750W exact-SKU secondary listing,Full Tower,2 years via Coolblue; 30-day free return/exchange,yes,7.8,9.1,9.1,9.8,9,🔥 错过可惜,1800,11.2,↑ 改善,https://www.coolblue.de/produkt/974719/hp-omen-35l-gt16-0972nd.html,Daily champion; source coolblue.de; B650 and 4 DIMM; Windows 11 Home needs Pro for native Microsoft RDP host; OEM proprietary-part risk remains; fixed HP Z2 reference compared separately and excluded from market history
2026-09-04,22:03,SMX BattleStation M1A BSR57507M1,New,x-kom via Kaufland,DE,1467.62,AMD Ryzen 5 7600,NVIDIA GeForce RTX 5070 12GB,32,1000,600W 80+ Bronze,Mid Tower,Kaufland 14-day free return; x-kom German support and general warranty claims process,yes,7.7,8.5,8.5,9.6,9,✅ 很值,1700,13.7,↑ 改善,https://www.kaufland.de/product/548117094/,Best non-champion-seller challenger; actual seller x-kom; exact SKU secondary specs show B850 and 2 DIMM both occupied; no OS or Wi-Fi listed; 600W PSU is below NVIDIA 650W RTX5070 reference recommendation and is the primary future-upgrade constraint
2026-09-04,22:03,Acer Predator Orion 3000 PO3-665 DG.E4UEG.003,New,Hurricane24 via Kaufland,DE,1249.00,Intel Core i5-14400F,NVIDIA GeForce RTX 5070 12GB,16,1000,850W 80+ Gold,OEM Tower,2 years Pickup&Return per Geizhals; 14-day free marketplace return,yes,4.5,7.6,8.8,9.3,10,✅ 很值,1500,16.7,↑ 改善,https://www.kaufland.de/product/537137126/,Strict-budget GPU outlier; actual seller Hurricane24; exact SKU Geizhals shows 2 DIMM 0 free max32GB Wi-Fi6E and Win11 Home; Idealo metadata conflicts on RAM ceiling/Wi-Fi; offer title exposes H610; strong CUDA price but poor five-year platform headroom
2026-09-04,22:03,CSL Speed 4574 Core Ultra 5 225F / RTX 5070,New,CSL Computer,DE,1399.00,Intel Core Ultra 5 225F,NVIDIA GeForce RTX 5070 12GB,16,1000,700W BoostBoxx Power Boost 80+ Gold ATX2.53,Mid Tower,24 months manufacturer warranty; 36 months optional; lifetime technical support,yes,5.8,8.8,8.7,9.4,4,✅ 很值,1700,17.7,→ 持平,https://www.csl-computer.com/pc-csl-speed-4574-core-ultra-5.html,Fifth consecutive €1399 observation; raw GPU-per-euro remains strong but no longer overall top after broad vendor scan; 16GB RAM H810M no Wi-Fi no OS; seller concentration no longer determines winner
2026-09-04,22:03,MemoryPC FNK Hardware Ryzen 5 9600X / RTX 5070,New,MemoryPC,DE,2099.00,AMD Ryzen 5 9600X,NVIDIA GeForce RTX 5070 12GB,32,1000,850W,Mid Tower,Manufacturer warranty; assembled and tested in Germany; German support,yes,9.0,8.7,9.0,6.5,2,❌ 跳过,1800,-16.6,↓ 恶化,https://www.memorypc.de/p/fnk-hardware-gaming-pc-amd-ryzen-5-9600x-rtx-5070-32-gb-ddr5-562847/,Source memorypc.de; Asus TUF B850-E WIFI 32GB and strong platform are good but current €2099 price is not competitive with Coolblue x-kom or CSL tonight
2026-09-04,22:03,GREED MK2 Pro AMD Ryzen 7 5700X / RTX 5070,New,NERO via Saturn,DE,1799.00,AMD Ryzen 7 5700X,NVIDIA GeForce RTX 5070 12GB,32,2000,750W,Mid Tower,2 years seller statement; Saturn 30-day voluntary return,yes,4.5,7.5,8.8,7.4,3,🟡 普通好价,1800,0.1,→ 市场锚点,https://www.saturn.de/de/product/_greed-mk2-pro-amd-pc-desktop-32-gb-ram-1-tb-ssd-nvidia-geforce-rtxtm-4070-134377344.html,Actual seller and shipper NERO via Saturn marketplace; 32GB DDR4 2TB Win11 Pro 750W and RTX5070; useful market anchor but AM4/DDR4 and €1799 make it weaker than today top offers
2026-09-05,22:02,HP OMEN 35L GT16-0972nd,New,Coolblue / HP,DE,1599.00,AMD Ryzen 7 8700F,NVIDIA GeForce RTX 5070 12GB,32,1000,750W exact-SKU secondary listing,Full Tower,2 years via Coolblue; 30-day free return/exchange,yes,7.8,9.1,9.1,9.7,7,✅ 很值,1800,11.2,→ 持平,https://www.coolblue.de/produkt/974719/hp-omen-35l-gt16-0972nd.html,Daily champion after broad scan; unchanged from 2026-09-04; B650 and 4 DIMM; 32GB and Windows included; Windows 11 Home requires Pro for native Microsoft RDP host; OEM platform risk remains; fixed HP Z2 reference compared separately and excluded from market history
2026-09-05,22:02,SMX BattleStation M1A BSR57507M1,New,x-kom via Kaufland,DE,1467.62,AMD Ryzen 5 7600,NVIDIA GeForce RTX 5070 12GB,32,1000,600W 80+ Bronze,Mid Tower,Kaufland 14-day free return; exact warranty term less explicit than direct retailer,yes,7.7,8.5,8.5,9.6,9,✅ 很值,1700,13.7,→ 持平,https://www.kaufland.de/product/548117094/,Best non-champion-seller challenger; actual seller x-kom; page says only one left at this price; no OS and no Wi-Fi listed; 600W Bronze is below NVIDIA 650W RTX5070 reference-system recommendation; future high-power GPU would make PSU first upgrade
2026-09-05,22:02,Acer Predator Orion 3000 PO3-665 DG.E4UEG.003,New,Hurricane24 via Kaufland,DE,1249.00,Intel Core i5-14400F,NVIDIA GeForce RTX 5070 12GB,16,1000,850W 80+ Gold,OEM Tower,Marketplace offer; exact warranty/spec terms require seller-page recheck,yes,4.5,7.6,8.8,9.3,9,✅ 很值,1500,16.7,→ 持平,https://www.kaufland.de/product/537137126/,Strict-budget GPU outlier unchanged at €1249; price aggregator still points to Hurricane24; exact SKU retailer catalog supports i5-14400F 16GB DDR4 1TB RTX5070; some aggregators incorrectly mix Ultra7/32GB data so verify exact SKU before buying; OEM/H610/DDR4 is poor five-year platform base
2026-09-05,22:02,CSL Speed 4574 Core Ultra 5 225F / RTX 5070,New,CSL Computer,DE,1399.00,Intel Core Ultra 5 225F,NVIDIA GeForce RTX 5070 12GB,16,1000,700W BoostBoxx Power Boost 80+ Gold ATX2.53,Mid Tower,24 months manufacturer warranty; 36 months optional; lifetime technical support,yes,5.8,8.8,8.7,9.4,3,✅ 很值,1700,17.7,→ 持平,https://www.csl-computer.com/pc-csl-speed-4574-core-ultra-5.html,Sixth consecutive €1399 observation; still excellent raw RTX5070 value but 16GB RAM H810-class expansion no Wi-Fi and no OS keep it behind more complete broad-scan options
2026-09-05,22:02,MemoryPC Ryzen 5 7500F / RTX 5070 32GB,New,MemoryPC,DE,1879.00,AMD Ryzen 5 7500F,NVIDIA GeForce RTX 5070 12GB,32,1000,750W be quiet! System Power 11 M 80+ Gold,Mid Tower,Manufacturer warranty; assembled and tested in Germany; German support,yes,9.2,8.3,9.2,7.1,2,❌ 跳过,1700,-10.5,→ 持平,https://www.memorypc.de/p/gaming-pc-amd-ryzen-5-7500f-rtx-5070-32-gb-ddr5-557100/,Official page rechecked at €1879; excellent MSI PRO B850-S WIFI6E ATX platform and 750W Gold PSU but price remains far above x-kom Coolblue and CSL alternatives
2026-09-05,22:02,SYSTEMTREFF Ryzen 5 7500F / RTX 5070,New,SYSTEMTREFF,DE,1909.90,AMD Ryzen 5 7500F,NVIDIA GeForce RTX 5070 12GB,32,1000,750W be quiet! System Power 11 M Gold,Mid Tower,3 years + 30-day return,yes,9,7.5,9,6.8,2,❌ 跳过,1800,-6.1,↓ 恶化,https://www.systemtreff.de/Gaming-PC-AMD-Ryzen-5-7500F-32GB-DDR5-GeForce-RTX-5070-12GB-1TB-4088,Official page shows €1949.90 list and €40 code GAMING26 for about €1909.90 effective before shipping; ASUS PRIME B850-Plus WIFI and 750W Gold plus 3-year warranty are strong but price is not competitive; far above €1719.90 historical baseline for same tracked model
2026-09-06,22:05,HP OMEN 35L GT16-0972nd,New,Coolblue / HP,DE,1599.00,AMD Ryzen 7 8700F,NVIDIA GeForce RTX 5070 12GB,32,1000,750W exact-SKU secondary listing,Full Tower,2 years via Coolblue; 30-day free return/exchange,yes,7.8,9.1,9.1,9.6,5,✅ 很值,1800,11.2,→ 持平,https://www.coolblue.de/produkt/974719/hp-omen-35l-gt16-0972nd.html,Daily champion after broad scan; third successive €1599 observation; 32GB/B650/4 DIMM/Windows balance remains best verified available overall; Windows 11 Home requires Pro for native Microsoft RDP host; OEM platform risk remains; fixed HP Z2 reference compared separately and excluded from market history
2026-09-06,22:05,CSL Speed 4574 Core Ultra 5 225F / RTX 5070,New,CSL Computer,DE,1399.00,Intel Core Ultra 5 225F,NVIDIA GeForce RTX 5070 12GB,16,1000,700W BoostBoxx Power Boost 80+ Gold ATX2.53,Mid Tower,24 months manufacturer warranty; 36 months optional; lifetime technical support,yes,5.8,8.8,8.7,9.4,2,✅ 很值,1700,17.7,→ 持平,https://www.csl-computer.com/gaming-pcs/gaming-pcs-1000-1500-euro/pc-csl-speed-4574-core-ultra-5.html,Best verified different-seller challenger; seventh consecutive €1399 observation; saves €200 vs HP but ships with 16GB RAM H810M no Wi-Fi and no OS; add RAM first; 700W Gold powers current RTX5070 but ATX2.53 is less future-facing
2026-09-06,22:05,Acer Predator Orion 3000 PO3-665 DG.E4UEG.003,New,Hurricane24 via Kaufland,DE,1249.00,Intel Core i5-14400F,NVIDIA GeForce RTX 5070 12GB,16,1000,850W,OEM Tower,2 years Acer send-in/return service; 14-day free marketplace return,yes,4.5,7.6,8.8,9.3,7,✅ 很值,1500,16.7,→ 持平,https://www.kaufland.de/product/537137126/,Core-budget CUDA/GPU outlier remains €1249; exact SKU manufacturer/price data support 16GB DDR4 1TB RTX5070 and limited memory headroom; excellent RTX5070-per-euro but OEM/H610/DDR4 make five-year upgrade path weak; actual seller Hurricane24 via Kaufland
2026-09-06,22:05,MemoryPC i5-14400F / RTX 5070 32GB,New,MemoryPC,DE,1949.00,Intel Core i5-14400F,NVIDIA GeForce RTX 5070 12GB,32,1000,,Mid Tower,Manufacturer warranty; free return; German support,yes,6.5,8.1,8.5,6.7,2,❌ 跳过,1800,-8.3,↓ 恶化,https://www.memorypc.de/p/gaming-pc-intel-core-i5-14400f-rtx-5070-32-gb-ddr5-561455/,Official current page shows €1949 in stock with 32GB DDR5 Asus Prime B760M-K and 1TB; German support and free return are positives but price is far above HP/CSL/Acer alternatives
2026-09-07,22:20,HP OMEN 35L GT16-0972nd,New,Coolblue / HP,DE,1599.00,AMD Ryzen 7 8700F,NVIDIA GeForce RTX 5070 12GB,32,1000,750W exact-SKU secondary listing,Full Tower,2 years via Coolblue; 30-day free return/exchange,yes,7.8,9.1,9.1,9.5,4,✅ 很值,1800,11.2,→ 持平,https://www.coolblue.de/produkt/974719/hp-omen-35l-gt16-0972nd.html,Daily champion after broad scan; direct German product page still renders €1599 with free delivery; 32GB/B650/4 DIMM/Windows remains the best verified overall balance; price itself is unchanged and no longer rare; Windows 11 Home requires Pro for native Microsoft RDP host; OEM proprietary-part risk remains; fixed HP Z2 reference compared separately and excluded from market history
2026-09-07,22:20,Captiva Highend Gaming R93-435,New,NEXOC Store GmbH / CAPTIVA,DE,1445.99,AMD Ryzen 7 5700X,NVIDIA GeForce RTX 5070 12GB,32,1000,850W MSI MAG A850GL,Tower / B550M,24 months CAPTIVA warranty; 36 months optional; Nexoc 14-day withdrawal,yes,5.8,8.4,8.8,9.5,7,✅ 很值,1515,4.6,↑ 新低（32GB+RTX5070）,https://www.nexoc-store.de/pc-systeme/pcs/gaming-pcs/captiva-pc-highend-gaming-r93-435-ryzen-7-5700x-rtx5070-12gb-gddr7-ssd-1tb-32gb-wlan-windows-11-home-64-bit,"Best different-seller challenger and new absolute tracked low for 32GB+RTX5070; direct NEXOC seller; €1445.99 free shipping, 2-3 business days, Win11 Home and Wi-Fi; Idealo shows seven current offers from €1445.99 to €1559.79; AM4/B550/DDR4 limits five-year CPU-platform upgrades; NEXOC 14-day withdrawal with consumer paying direct return shipping; CAPTIVA two-year warranty."
2026-09-07,22:20,Acer Predator Orion 3000 PO3-665 DG.E4UEG.003,New,nordiva-shop0 via eBay,DE,1199.00,Intel Core i5-14400F,NVIDIA GeForce RTX 5070 12GB,16,1000,850W exact-SKU reference,OEM Tower,Marketplace seller warranty not independently re-verified today; exact SKU and seller rating verified through Idealo,yes,4.5,7.6,8.7,9.5,8,🟡 普通好价,1249,4.0,↑ 改善,https://www.ebay.de/itm/205941893117,Strict-budget GPU outlier; actual seller nordiva-shop0 via eBay; exact SKU Idealo shows €1199 incl shipping and three new offers in €1199-1269 range; €50 below prior tracked €1249; hardware value is exceptional but marketplace warranty clarity and OEM/H610/DDR4/16GB expansion limits make this conditional rather than a five-year workstation base.
2026-09-07,22:45,CSL Speed 4574 Core Ultra 5 225F / RTX 5070,New,CSL Computer,DE,1399.0,Intel Core Ultra 5 225F,NVIDIA GeForce RTX 5070 12GB,16,1000,700W BoostBoxx Power Boost 80+ Gold ATX2.53,Mid Tower / H810M,24 months manufacturer warranty; 36 months optional; lifetime technical support,yes,5.8,8.8,8.7,9.3,2,✅ 很值,1500,6.7,→ 持平,https://www.csl-computer.com/gaming-pcs/gaming-pcs-1000-1500-euro/pc-csl-speed-4574-core-ultra-5.html,"Official page rechecked at €1399 with 3-5 business-day dispatch; strong RTX5070 value, but 16GB RAM, H810M, no Wi-Fi and no OS reduce long-term remote-workstation completeness."
2026-09-07,22:45,OMIXIMO Ryzen 7 5700 / RTX 5070 32GB/1TB,New,Omiximo B.V. via MediaMarkt,DE,1549.0,AMD Ryzen 7 5700,NVIDIA GeForce RTX 5070 12GB,32,1000,Not disclosed,Tower / board not disclosed,Marketplace seller terms; MediaMarkt advertises 30-day voluntary return subject to marketplace conditions,yes,4.5,7.9,8.6,8.4,4,🟡 普通好价,1550,0.1,→ 市场锚点,https://www.mediamarkt.de/de/product/_omiximo-ryzen-7-5700-rtx-5070-32gb1tb-gaming-pc-ryzentm-7-32-gb-ram-1-tb-ssd-nvidia-geforce-rtxtm-5070-windows-11-pro-168998229.html,"Actual seller and shipper Omiximo B.V.; €1549 free shipping; Ryzen 7 5700, RTX5070, 32GB, 1TB, Win11 Pro; motherboard/PSU not disclosed, so component transparency and upgrade confidence are weaker."
2026-09-07,22:45,MemoryPC Ryzen 5 7500F / RTX 5070 32GB,New,MemoryPC,DE,1879.0,AMD Ryzen 5 7500F,NVIDIA GeForce RTX 5070 12GB,32,1000,750W be quiet! System Power 11 M 80+ Gold,Mid Tower / MSI PRO B850-S WIFI6E,Manufacturer warranty; German assembly/support,yes,9.2,8.3,9.2,7.1,2,❌ 跳过,1700,-10.5,→ 持平偏贵,https://www.memorypc.de/p/gaming-pc-amd-ryzen-5-7500f-rtx-5070-32-gb-ddr5-557100/,"Official page rechecked at €1879; excellent B850/Wi-Fi/32GB/750W Gold foundation, but far above today HP/Captiva/CSL options."
2026-09-07,22:45,SYSTEMTREFF Ryzen 5 7500F / RTX 5070 32GB,New,SYSTEMTREFF,DE,1909.9,AMD Ryzen 5 7500F,NVIDIA GeForce RTX 5070 12GB,32,1000,750W be quiet! System Power 11 M Gold,Mid Tower / B850-class,3 years + 30-day return,yes,9,7.7,9,6.9,2,❌ 跳过,1800,-6.1,↓ 恶化 vs historical same model,https://www.systemtreff.de/Gaming-PC-AMD-Ryzen-5-7500F-32GB-DDR5-GeForce-RTX-5070-12GB-1TB-4088,"Official page €1949.90 less €40 code GAMING26 = about €1909.90 effective; good standard platform and service, but same tracked model was €1719.90 on 2026-08-30."
2026-09-08,22:00,Captiva Highend Gaming R93-435,New,NEXOC Store GmbH / CAPTIVA,DE,1445.99,AMD Ryzen 7 5700X,NVIDIA GeForce RTX 5070 12GB,32,1000,850W MSI MAG A850GL,Tower / B550M,24 months CAPTIVA hardware warranty; 36 months optional; NEXOC 14-day withdrawal,yes,5.8,8.4,8.8,9.5,6,✅ 很值,1515,4.6,→ 持平（仍为32GB+RTX5070历史低位）,https://www.nexoc-store.de/pc-systeme/pcs/gaming-pcs/captiva-pc-highend-gaming-r93-435-ryzen-7-5700x-rtx5070-12gb-gddr7-ssd-1tb-32gb-wlan-windows-11-home-64-bit,"Daily champion after broad scan; direct NEXOC page €1445.99 free shipping 2-3 business days; Idealo has 7 offers €1445.99-1559.79; B550M/AM4 DDR4 32GB max128GB; MSI MAG A850GL 850W; 1GbE + Wi-Fi6; Win11 Home; NEXOC 14-day withdrawal with buyer paying return shipping; second day at tracked low so rarity reduced."
2026-09-08,22:00,CSL Speed 4574 Core Ultra 5 225F / RTX 5070,New,CSL Computer,DE,1399.00,Intel Core Ultra 5 225F,NVIDIA GeForce RTX 5070 12GB,16,1000,700W BoostBoxx Power Boost 80+ Gold ATX2.53,Mid Tower / GIGABYTE H810M H,24 months manufacturer warranty; 36 months optional; lifetime technical support,yes,5.8,8.8,8.7,9.3,2,✅ 很值,1500,6.7,→ 持平,https://www.csl-computer.com/gaming-pcs/gaming-pcs-1000-1500-euro/pc-csl-speed-4574-core-ultra-5.html,"Best non-champion-seller challenger; official page still €1399 and 3-5 business-day dispatch; 16GB DDR5, H810M, 1TB, no Wi-Fi, no OS; Captiva costs only €46.99 more and includes 32GB, Windows, Wi-Fi6 and named 850W MSI PSU."
2026-09-08,22:00,Acer Predator Orion 3000 PO3-665 DG.E4UEG.003,New,nordiva-shop0 via eBay,DE,1199.00,Intel Core i5-14400F,NVIDIA GeForce RTX 5070 12GB,16,1000,850W per current Idealo exact-SKU data,OEM Tower / H610-class,Lowest marketplace seller warranty not independently re-verified today; current Idealo seller and exact SKU verified,yes,4.5,7.6,8.7,9.5,7,🟡 普通好价,1249,4.0,→ 持平在预算GPU低位,https://www.ebay.de/itm/205941893117,"Strict-budget CUDA/GPU outlier; current Idealo exact-SKU page shows €1199 incl shipping from actual seller nordiva-shop0 via eBay and 3 new offers €1199-1269; i5-14400F/RTX5070/16GB DDR4/1TB/Win11 Home; Wi-Fi7/BT5.3/850W listed by aggregator; marketplace warranty clarity and OEM platform remain main risks."
2026-09-08,22:00,OMIXIMO Ryzen 7 5700 / RTX 5070 32GB/1TB,New,Omiximo B.V. via MediaMarkt,DE,1549.00,AMD Ryzen 7 5700,NVIDIA GeForce RTX 5070 12GB,32,1000,Not disclosed,Tower / board not disclosed,Marketplace seller terms; MediaMarkt page identifies Omiximo B.V. as seller and shipper,yes,4.5,7.9,8.6,8.4,3,🟡 普通好价,1550,0.1,→ 持平,https://www.mediamarkt.de/de/product/_omiximo-ryzen-7-5700-rtx-5070-32gb1tb-gaming-pc-ryzentm-7-32-gb-ram-1-tb-ssd-nvidia-geforce-rtxtm-5070-windows-11-pro-168998229.html,"Current MediaMarkt page €1549 free shipping; actual seller and shipper Omiximo B.V.; 32GB/1TB/Win11 Pro is remote-friendly but motherboard and PSU remain undisclosed, reducing component transparency and five-year upgrade confidence."
2026-09-08,22:00,AlzaPC GameBox Prime U5 / RTX5070 / 32GB / 2TB,New,Alza.de / AlzaPC,DE,1619.00,Intel Core Ultra 5 225F,NVIDIA GeForce RTX 5070 12GB,32,2000,Not disclosed,Midi Tower / Intel B860,36 months warranty; Alza consumer return framework available,yes,8.5,8.8,8.8,9.0,5,🟡 普通好价,1700,4.8,→ 近上限观察,https://www.alza.de/alzapc-gamebox-prime-u5-rtx5070-32gb-ram-2tb-ssd-kein-betriebssystem-d13220921.htm,"Cross-border/European near-miss only €19 above stated €1600 ceiling; current page €1619 in stock; 225F/RTX5070/32GB DDR5/2TB/B860/WLAN/no OS/36-month warranty; strong standard-platform reference but not daily champion because it exceeds the upper budget."
2026-09-08,22:00,HP OMEN 35L GT16-0972nd,New,Coolblue / HP,DE,1929.00,AMD Ryzen 7 8700F,NVIDIA GeForce RTX 5070 12GB,32,1000,750W exact-SKU secondary listing,Full Tower / B650,2 years via Coolblue; 30-day free return/exchange,yes,7.8,9.1,9.1,7.2,1,❌ 跳过,1800,-7.2,↓ 恶化（昨日1599→今日1929）,https://www.coolblue.de/produkt/974719/hp-omen-35l-gt16-0972nd.html,"Same tracked SKU jumped from €1599 on 2026-09-07 to €1929 today (+20.6%); current Coolblue page confirms 8700F/RTX5070/32GB/1TB/B650/4 DIMM/Win11 Home and 2-year warranty; hardware remains balanced but deal value disappeared."
2026-09-08,22:00,MemoryPC Ryzen 5 7500F / RTX 5070 32GB,New,MemoryPC,DE,1879.00,AMD Ryzen 5 7500F,NVIDIA GeForce RTX 5070 12GB,32,1000,750W be quiet! System Power 11 M 80+ Gold,Mid Tower / MSI PRO B850-S WIFI6E,Manufacturer warranty; German assembly/support,yes,9.2,8.3,9.2,7.1,2,❌ 跳过,1700,-10.5,→ 持平偏贵,https://www.memorypc.de/p/gaming-pc-amd-ryzen-5-7500f-rtx-5070-32-gb-ddr5-557100/,"Rechecked current official offer at €1879; excellent B850/Wi-Fi/32GB/750W Gold foundation and German support, but price remains far above Captiva/CSL and outside value target."
2026-09-08,22:00,SYSTEMTREFF Ryzen 5 7500F / RTX 5070 32GB,New,SYSTEMTREFF,DE,1909.90,AMD Ryzen 5 7500F,NVIDIA GeForce RTX 5070 12GB,32,1000,750W be quiet! System Power 11 M Gold,Mid Tower / B850-class,3 years + 30-day return,yes,9,7.7,9,6.9,2,❌ 跳过,1800,-6.1,↓ 恶化 vs historical same model,https://www.systemtreff.de/Gaming-PC-AMD-Ryzen-5-7500F-32GB-DDR5-GeForce-RTX-5070-12GB-1TB-4088,"Current list remains €1949.90 with €40 GAMING26 code for about €1909.90 effective; good standard B850/Wi-Fi platform and 3-year service, but same tracked model was €1719.90 on 2026-08-30 and current market has much cheaper RTX5070 systems."
2026-09-09,22:02,Captiva Highend Gaming R93-435,New,NEXOC Store GmbH / CAPTIVA,DE,1445.99,AMD Ryzen 7 5700X,NVIDIA GeForce RTX 5070 12GB,32,1000,850W MSI MAG A850GL,Tower / B550M,24 months CAPTIVA hardware warranty; 36 months optional; NEXOC 14-day withdrawal,yes,5.8,8.4,8.8,9.5,5,✅ 很值,1515,4.6,→ 持平在32GB+RTX5070历史低位,https://www.nexoc-store.de/pc-systeme/pcs/gaming-pcs/captiva-pc-highend-gaming-r93-435-ryzen-7-5700x-rtx5070-12gb-gddr7-ssd-1tb-32gb-wlan-windows-11-home-64-bit,"Daily champion after broad vendor scan; direct NEXOC page still €1445.99 free shipping and 2-3 business days; Idealo exact SKU shows seven current offers €1445.99-1559.79; third consecutive day at tracked 32GB+RTX5070 low; 32GB/Win11 Home/Wi-Fi6/named MSI 850W make it more complete than cheaper CSL; AM4/B550/DDR4 remains five-year CPU-platform limitation; fixed HP Z2 reference compared separately and excluded from market statistics."
2026-09-09,22:02,CSL Speed 4574 Core Ultra 5 225F / RTX 5070,New,CSL Computer,DE,1399.00,Intel Core Ultra 5 225F,NVIDIA GeForce RTX 5070 12GB,16,1000,700W BoostBoxx Power Boost 80+ Gold ATX2.53,Mid Tower / GIGABYTE H810M H,24 months manufacturer warranty; 36 months optional; lifetime technical support,yes,5.8,8.8,8.7,9.3,1,✅ 很值,1500,6.7,→ 持平,https://www.csl-computer.com/gaming-pcs/gaming-pcs-1000-1500-euro/pc-csl-speed-4574-core-ultra-5.html,"Best non-champion-seller challenger after broad scan; official page still €1399 and 3-5 business-day dispatch; saves €46.99 vs Captiva but only 16GB RAM, no Wi-Fi, no OS and H810M; already persistent for many days so rarity is very low."
2026-09-09,22:02,Acer Predator Orion 3000 PO3-665 DG.E4UEG.003,New,nordiva-shop0 via eBay,DE,1199.00,Intel Core i5-14400F,NVIDIA GeForce RTX 5070 12GB,16,1000,850W per current Idealo exact-SKU data,OEM Tower / H610-class,Marketplace seller warranty not independently re-verified today; exact SKU and seller verified via Idealo,yes,4.5,7.6,8.7,9.5,6,🟡 普通好价,1249,4.0,→ 持平在预算RTX5070历史低位,https://www.ebay.de/itm/205941893117,"Strict-budget CUDA/GPU outlier; exact SKU Idealo today shows €1199 from actual seller nordiva-shop0 via eBay and three new offers €1199-1269; i5-14400F/RTX5070/16GB DDR4/1TB/Win11 Home; outstanding GPU per euro but OEM/H610-class/DDR4/16GB and marketplace warranty clarity make it conditional rather than five-year workstation base."
2026-09-09,22:02,SYSTEMTREFF Ryzen 7 5700X / RTX 5070 32GB via MediaMarkt,New,SYSTEMTREFF via MediaMarkt,DE,1614.90,AMD Ryzen 7 5700X,NVIDIA GeForce RTX 5070 12GB,32,1000,750W class per seller listing,Mid Tower / B550-class,SYSTEMTREFF seller via marketplace; MediaMarkt 30-day voluntary return framework,yes,6.5,8.3,9.1,8.4,5,🟡 普通好价,1694.90,4.7,↑ 改善自身30日价但高于冠军,https://www.mediamarkt.de/de/product/_systemtreff-gaming-gaming-pc-ryzentm-7-5700x-prozessor-32-gb-ram-1000-gb-ssd-nvidia-geforce-rtxtm-5070-windows-11-pro-175352295.html,"Actual seller and shipper SYSTEMTREFF; current page €1614.90 free shipping vs page-stated 30-day low €1694.90; 5700X/RTX5070/32GB/1TB/Win11 Pro; useful standard-parts/service comparator, but €168.91 more than Captiva while sharing AM4/DDR4 class."
2026-09-09,22:02,AlzaPC GameBox Prime U5 / RTX5070 / 32GB / 2TB,New,Alza.de / AlzaPC,DE,1619.00,Intel Core Ultra 5 225F,NVIDIA GeForce RTX 5070 12GB,32,2000,750W,Midi Tower / Intel B860,36 months warranty,yes,8.5,8.8,8.8,9.0,4,🟡 普通好价,1700,4.8,→ 持平近上限,https://www.alza.de/alzapc-gamebox-prime-u5-rtx5070-32gb-ram-2tb-ssd-kein-betriebssystem-d13220921.htm,"Current page still €1619 in stock; 225F/RTX5070/32GB DDR5/2TB/B860/WLAN/750W/no OS; 4 RAM slots and 2 M.2 plus 36-month warranty make this the strongest modern-platform near-miss, but it is €19 above the stated €1600 ceiling."
2026-09-09,22:02,MemoryPC Ryzen 5 7500F / RTX 5070 32GB,New,MemoryPC,DE,1899.00,AMD Ryzen 5 7500F,NVIDIA GeForce RTX 5070 12GB,32,1000,750W,Mid Tower / B850,At least 2 years warranty; German assembly/testing and support; free return framework,yes,9.2,8.3,9.2,7.0,2,❌ 跳过,1700,-11.7,↓ 恶化 vs yesterday,https://www.memorypc.de/p/gaming-pc-amd-ryzen-5-7500f-rtx-5070-32-gb-ddr5-557100/,"Current official configuration remains strong with B850/32GB/750W and German assembly/support, but price is about €1899 today, roughly €20 above yesterday tracked €1879 and far above Captiva/CSL."
2026-09-09,22:02,SYSTEMTREFF Ryzen 5 7500F / RTX 5070 32GB,New,SYSTEMTREFF,DE,1909.90,AMD Ryzen 5 7500F,NVIDIA GeForce RTX 5070 12GB,32,1000,750W be quiet! System Power 11 M Gold,Mid Tower / B850-class,3 years + 30-day return,yes,9,7.7,9,6.9,2,❌ 跳过,1800,-6.1,→ 持平偏贵/历史恶化,https://www.systemtreff.de/Gaming-PC-AMD-Ryzen-5-7500F-32GB-DDR5-GeForce-RTX-5070-12GB-1TB-4088,"Tracked effective price remains about €1909.90 after €40 GAMING26 code; good B850/Wi-Fi/32GB/750W Gold/3-year service but same model was €1719.90 on 2026-08-30, so current value is poor."
2026-09-09,22:02,Dubaro Ryzen 7 5700X / RTX 5070 32GB,New,Dubaro,DE,1749.00,AMD Ryzen 7 5700X,NVIDIA GeForce RTX 5070 12GB,32,1000,750W MSI MAG A750GL 80+ Gold ATX3.1,Mid Tower / Gigabyte B550 GAMING X V2,2 years warranty,yes,6.5,8.2,8.4,7.3,2,❌ 跳过,1600,-9.3,→ 市场对照偏贵,https://www.dubaro.de/Gaming-PC-Ryzen-7-5700X-mit-RTX5070-101282/,"Current direct page €1749 plus shipping; transparent standard parts and good PSU/cooling, but about €303 above Captiva with same CPU/GPU/RAM class and no Windows, so not competitive today."
2026-09-09,22:02,HP OMEN 35L GT16-0972nd,New,Coolblue / HP,DE,1929.00,AMD Ryzen 7 8700F,NVIDIA GeForce RTX 5070 12GB,32,1000,750W exact-SKU reference,Full Tower / B650,2 years via Coolblue; 30-day free return/exchange,yes,7.8,9.1,9.1,7.2,1,❌ 跳过,1800,-7.2,→ 持平在涨价后高位,https://www.coolblue.de/en/product/974719/hp-omen-35l-gt16-0972nd.html,"Fresh Coolblue exact product/category pages today both show €1929 with free delivery; same balanced 8700F/RTX5070/32GB/1TB system that was €1599 through 2026-09-07, so the hardware remains good but deal value is gone."
